neighbourhood,CountyName,zillow_price_january,zillow_price_february,zillow_price_march,zillow_price_april,zillow_price_may,zillow_price_june,zillow_price_july,zillow_price_august,zillow_price_september,zillow_price_october,zillow_price_november,zillow_price_december,nypd_precinct,borough,airbnb_count_december,airbnb_count_november,airbnb_count_october,airbnb_count_september,airbnb_count_august,airbnb_count_july,airbnb_count_june,airbnb_count_may,airbnb_count_april,airbnb_count_march,airbnb_count_february,airbnb_count_january,misdemeanor_count_december,misdemeanor_count_november,misdemeanor_count_october,misdemeanor_count_september,misdemeanor_count_august,misdemeanor_count_july,misdemeanor_count_june,misdemeanor_count_may,misdemeanor_count_april,misdemeanor_count_march,misdemeanor_count_february,misdemeanor_count_january,felony_count_december,felony_count_november,felony_count_october,felony_count_september,felony_count_august,felony_count_july,felony_count_june,felony_count_may,felony_count_april,felony_count_march,felony_count_february,felony_count_january,violation_count_december,violation_count_november,violation_count_october,violation_count_september,violation_count_august,violation_count_july,violation_count_june,violation_count_may,violation_count_april,violation_count_march,violation_count_february,violation_count_january
BATTERY PARK,New York County,1202098,1188040,1179427,1174136,1170441,1163801,1155967,1148911,1139638,1133179,1128296,1127036,1,Manhattan,72,29,26,27,28,23,27,20,22,22,56,56,143,112,148,177,140,131,167,140,150,138,133,157,82,59,89,81,68,71,55,31,125,63,34,64,3,2,66,1,5,9,0,3,1,3,0,20
FINANCIAL DISTRICT,New York County,1498209,1491483,1493544,1491049,1486160,1478850,1472788,1466553,1456557,1440032,1420047,1402082,1,Manhattan,776,487,485,501,462,470,442,456,448,455,619,641,143,112,148,177,140,131,167,140,150,138,133,157,82,59,89,81,68,71,55,31,125,63,34,64,3,2,66,1,5,9,0,3,1,3,0,20
SOHO,New York County,2434618,2451883,2444955,2443430,2451864,2479997,2495153,2496669,2483356,2495149,2516817,2529193,1,Manhattan,356,131,119,118,129,135,141,136,129,117,354,386,143,112,148,177,140,131,167,140,150,138,133,157,82,59,89,81,68,71,55,31,125,63,34,64,3,2,66,1,5,9,0,3,1,3,0,20
TRIBECA,New York County,3269134,3253077,3231236,3226478,3215182,3208773,3198677,3189363,3171677,3160604,3151164,3136692,1,Manhattan,196,90,77,79,86,80,81,78,74,73,163,168,143,112,148,177,140,131,167,140,150,138,133,157,82,59,89,81,68,71,55,31,125,63,34,64,3,2,66,1,5,9,0,3,1,3,0,20
CHINATOWN,New York County,905193,903413,893354,883014,873759,873586,874640,879863,879503,884718,886829,892956,5,Manhattan,376,176,168,176,169,176,161,194,173,181,367,382,95,131,132,126,116,136,145,135,154,154,125,125,170,159,169,176,188,192,161,175,145,118,216,169,0,0,2,2,1,1,5,3,60,3,1,2
LITTLE ITALY,New York County,2275733,2268948,2249754,2230249,2220368,2220366,2226594,2228244,2224159,2229757,2241495,2246240,5,Manhattan,390,95,75,76,61,56,47,78,63,60,317,373,95,131,132,126,116,136,145,135,154,154,125,125,170,159,169,176,188,192,161,175,145,118,216,169,0,0,2,2,1,1,5,3,60,3,1,2
GREENWICH VILLAGE,New York County,1265760,1267346,1256394,1225634,1201292,1186074,1172977,1159092,1139970,1125671,1121417,1119158,6,Manhattan,371,167,160,156,144,151,140,160,146,151,436,452,83,103,127,139,142,126,115,99,95,86,65,105,71,74,100,94,79,95,69,77,71,45,56,77,1,2,2,0,1,2,1,1,3,1,0,2
WEST VILLAGE,New York County,1179780,1171769,1172403,1173867,1170514,1169044,1170223,1163239,1157784,1147811,1144231,1142665,6,Manhattan,774,406,388,377,363,367,388,388,381,384,798,814,83,103,127,139,142,126,115,99,95,86,65,105,71,74,100,94,79,95,69,77,71,45,56,77,1,2,2,0,1,2,1,1,3,1,0,2
LOWER EAST SIDE,New York County,986175,991685,996981,997347,998319,1006379,1019149,1037796,1051378,1053512,1050620,1048779,7,Manhattan,1020,636,620,591,606,610,617,586,627,637,1058,1101,78,96,74,95,115,124,88,130,142,139,120,159,45,52,61,52,82,60,46,55,55,73,51,73,1,1,0,2,0,1,3,1,2,0,3,0
EAST VILLAGE,New York County,866407,860754,865874,878339,888128,887671,883026,877138,871057,867085,866926,871363,9,Manhattan,1925,1293,1255,1228,1263,1286,1274,1330,1266,1282,2674,2725,70,86,87,92,80,96,104,113,116,87,81,118,38,53,57,66,93,59,58,83,70,86,40,48,0,0,3,0,0,2,0,0,0,4,3,4
NOHO,New York County,2290057,2316357,2305055,2255790,2206158,2179028,2162633,2136445,2105460,2086462,2077875,2064442,9,Manhattan,72,17,22,20,18,20,17,15,17,18,70,70,70,86,87,92,80,96,104,113,116,87,81,118,38,53,57,66,93,59,58,83,70,86,40,48,0,0,3,0,0,2,0,0,0,4,3,4
CHELSEA,New York County,1163413,1162256,1156399,1143870,1134734,1131758,1126801,1116665,1104693,1087975,1070437,1052540,10,Manhattan,1162,574,553,551,557,571,558,571,560,593,1023,1032,63,70,93,97,86,75,94,92,109,92,66,97,60,57,56,53,52,57,44,36,56,40,42,75,0,0,0,0,100,0,0,0,0,0,0,1
FLATIRON DISTRICT,New York County,1375067,1366890,1349656,1333386,1323214,1316753,1308222,1295653,1285673,1276300,1270125,1264900,13,Manhattan,75,134,133,122,123,130,127,132,122,119,230,229,124,113,143,131,143,157,137,207,162,175,177,217,63,55,52,80,81,64,91,84,78,76,65,82,5,1,2,2,3,0,4,1,2,7,3,7
GRAMERCY,New York County,801450,803761,804246,804508,803905,802961,801625,799628,795106,791845,787132,783687,13,Manhattan,801,313,308,309,330,306,293,307,301,290,854,874,124,113,143,131,143,157,137,207,162,175,177,217,63,55,52,80,81,64,91,84,78,76,65,82,5,1,2,2,3,0,4,1,2,7,3,7
GARMENT DISTRICT,New York County,1015194,1014844,1008194,1003461,1001744,1005454,1006180,1004043,999596,996883,994283,993171,14,Manhattan,0,0,0,0,0,0,0,0,0,0,0,0,268,265,334,283,328,326,321,358,424,370,397,447,137,132,168,114,125,121,125,146,144,148,155,171,3,1,55,5,4,55,67,3,4,2,13,11
MIDTOWN,New York County,1364564,1346300,1330283,1320946,1312226,1312289,1308691,1306002,1294551,1283576,1274558,1273409,14,Manhattan,3881,2078,1979,2013,2072,2081,2057,2108,2063,2039,2900,3001,268,265,334,283,328,326,321,358,424,370,397,447,137,132,168,114,125,121,125,146,144,148,155,171,3,1,55,5,4,55,67,3,4,2,13,11
MURRAY HILL-MANHATTAN,New York County,788252,773432,765127,764707,763950,760385,756679,746976,739152,733766,735894,743223,17,Manhattan,511,125,114,132,124,119,126,141,155,148,489,485,41,58,69,48,80,68,67,67,77,55,64,70,21,53,46,27,44,54,35,34,35,60,43,44,0,0,0,1,13,0,1,0,15,3,1,12
SUTTON PLACE,New York County,885763,880946,889911,898006,904429,907118,907082,903869,896344,887043,886026,893648,17,Manhattan,0,0,0,0,0,0,0,0,0,0,0,0,41,58,69,48,80,68,67,67,77,55,64,70,21,53,46,27,44,54,35,34,35,60,43,44,0,0,0,1,13,0,1,0,15,3,1,12
TURTLE BAY,New York County,790605,782941,780935,788941,797612,801668,803160,801549,796726,791335,787240,787319,17,Manhattan,0,437,427,403,405,439,452,447,465,466,893,907,41,58,69,48,80,68,67,67,77,55,64,70,21,53,46,27,44,54,35,34,35,60,43,44,0,0,0,1,13,0,1,0,15,3,1,12
CARNEGIE HILL,New York County,1538955,1497376,1460739,1431352,1408903,1396244,1383301,1374586,1359172,1359070,1369943,1397118,19,Manhattan,0,0,0,0,0,0,0,0,0,0,0,0,83,108,152,126,120,138,140,151,128,113,112,117,60,95,116,47,79,74,81,72,57,68,95,84,2,4,6,28,0,2,1,1,0,5,1,0
UPPER EAST SIDE,New York County,987416,979564,981096,979871,982336,979537,977728,977204,975297,972547,970291,969772,19,Manhattan,1800,870,846,852,853,867,886,863,864,855,1781,1818,83,108,152,126,120,138,140,151,128,113,112,117,60,95,116,47,79,74,81,72,57,68,95,84,2,4,6,28,0,2,1,1,0,5,1,0
UPPER WEST SIDE,New York County,1286450,1273234,1272845,1260642,1259784,1254531,1247032,1232687,1219470,1212651,1214700,1221471,20,Manhattan,1982,923,912,883,880,913,916,950,927,925,1965,1953,68,59,97,86,88,91,98,101,101,72,74,83,26,21,46,29,22,25,30,35,27,49,36,28,0,1,0,1,0,2,2,1,2,15,21,0
CENTRAL PARK,New York County,1705983,1723877,1735862,1739309,1734445,1753627,1768076,1775405,1764141,1752954,1761710,1773453,22,Manhattan,0,0,0,0,0,0,0,0,0,0,0,0,1,2,0,10,3,11,7,7,9,4,2,5,0,1,6,2,2,4,0,3,2,0,5,1,0,0,0,0,0,0,0,1,0,0,0,0
MANHATTANVILLE,New York County,651452,652514,654895,655788,656552,656290,662636,670296,668859,667075,667403,670029,26,Manhattan,0,0,0,0,0,0,0,0,0,0,0,0,63,51,97,63,67,89,61,110,101,86,71,72,47,39,48,52,44,78,50,56,94,48,57,35,0,1,0,3,2,0,1,4,2,2,3,0
MORNINGSIDE HEIGHTS,New York County,917169,908638,910040,913021,916968,909241,897235,882613,864809,855172,848438,846143,26,Manhattan,338,107,107,110,111,108,115,114,112,110,333,344,63,51,97,63,67,89,61,110,101,86,71,72,47,39,48,52,44,78,50,56,94,48,57,35,0,1,0,3,2,0,1,4,2,2,3,0
HAMILTON HEIGHTS,New York County,648523,643458,643248,643365,639251,637304,637152,637683,628240,618735,614278,614684,30,Manhattan,0,289,298,289,296,310,306,315,328,330,871,866,50,73,73,59,88,102,85,104,68,81,82,105,34,67,50,47,34,49,45,44,34,47,39,40,0,2,0,0,1,0,1,0,3,1,0,1
HARLEM,New York County,813157,799842,788200,783062,786929,788498,785608,780178,766572,759288,753429,753362,32,Manhattan,3901,2009,1988,1975,2020,2035,2028,2061,2096,2143,2925,2923,131,137,160,149,136,162,139,168,191,193,139,142,86,95,88,92,96,112,83,94,101,75,72,95,0,1,0,1,1,0,1,2,3,4,4,7
INWOOD,New York County,534812,538658,539218,543982,545903,544700,544559,542985,541194,539378,536483,532624,34,Manhattan,254,77,81,78,77,76,77,78,80,81,156,154,91,94,123,107,122,156,127,142,116,144,152,159,43,65,62,49,84,87,83,72,66,66,68,85,2,3,1,3,8,9,2,4,4,2,2,12
WASHINGTON HEIGHTS,New York County,587511,583878,581956,579063,579731,578574,574763,571148,563751,557704,553879,549758,34,Manhattan,942,444,446,439,432,426,402,426,414,412,921,915,91,94,123,107,122,156,127,142,116,144,152,159,43,65,62,49,84,87,83,72,66,66,68,85,2,3,1,3,8,9,2,4,4,2,2,12
MELROSE,Bronx County,298418,297576,299421,303151,304903,306363,308712,311035,313825,316906,321309,326069,40,Bronx,12,10,8,8,9,10,8,6,6,7,14,13,316,342,409,376,408,428,376,401,442,435,399,487,163,188,181,177,209,232,160,205,204,150,166,183,4,1,3,2,2,3,2,2,4,9,5,5
MOTT HAVEN,Bronx County,546581,548740,553524,559220,561128,562106,564195,566280,565132,565803,566787,572263,40,Bronx,65,41,43,40,41,39,35,38,35,34,64,66,316,342,409,376,408,428,376,401,442,435,399,487,163,188,181,177,209,232,160,205,204,150,166,183,4,1,3,2,2,3,2,2,4,9,5,5
PORT MORRIS,Bronx County,569260,562354,554007,552022,550820,552875,553988,556111,553006,553985,550920,551841,40,Bronx,48,22,25,26,25,22,22,23,21,15,45,45,316,342,409,376,408,428,376,401,442,435,399,487,163,188,181,177,209,232,160,205,204,150,166,183,4,1,3,2,2,3,2,2,4,9,5,5
SOUTH BRONX,Bronx County,313401,315638,318800,323286,324638,326622,328983,332058,334720,336419,339316,343624,40,Bronx,182,92,98,100,99,96,90,87,96,94,179,182,316,342,409,376,408,428,376,401,442,435,399,487,163,188,181,177,209,232,160,205,204,150,166,183,4,1,3,2,2,3,2,2,4,9,5,5
LONGWOOD,Bronx County,294877,296536,300460,302587,303233,303850,306001,307264,307922,308571,312201,319214,41,Bronx,65,6,6,6,7,6,8,8,7,7,13,12,91,132,110,152,155,118,126,138,171,166,144,187,98,104,129,118,105,136,108,130,128,142,119,120,0,0,0,1,0,0,0,4,0,3,0,2
CASTLE HILL-BRONX,Bronx County,451607,454751,461225,468411,473230,476687,480050,482844,483854,485342,485035,486350,43,Bronx,0,0,0,0,0,0,0,0,0,0,0,0,158,192,166,191,211,228,235,237,232,209,232,257,92,108,131,113,120,149,94,125,105,128,115,138,0,0,1,0,0,0,1,1,3,0,6,6
CLASON POINT,Bronx County,426253,428065,433021,437957,441196,443587,446863,450164,451575,452563,452917,456092,43,Bronx,28,0,0,0,0,0,0,0,0,0,0,0,158,192,166,191,211,228,235,237,232,209,232,257,92,108,131,113,120,149,94,125,105,128,115,138,0,0,1,0,0,0,1,1,3,0,6,6
PARKCHESTER,Bronx County,161754,163073,165736,168746,171243,173094,174686,175283,175945,177284,178547,180511,43,Bronx,47,19,16,16,19,14,13,14,12,11,20,20,158,192,166,191,211,228,235,237,232,209,232,257,92,108,131,113,120,149,94,125,105,128,115,138,0,0,1,0,0,0,1,1,3,0,6,6
SOUNDVIEW,Bronx County,210932,209819,211712,215997,219175,220099,220365,221667,223792,227922,230998,233525,43,Bronx,17,19,13,11,13,13,15,16,14,13,31,30,158,192,166,191,211,228,235,237,232,209,232,257,92,108,131,113,120,149,94,125,105,128,115,138,0,0,1,0,0,0,1,1,3,0,6,6
UNIONPORT,Bronx County,434683,439443,447101,455405,460291,467047,472049,476496,478676,481860,483221,486728,43,Bronx,13,0,0,0,0,0,0,0,0,0,0,0,158,192,166,191,211,228,235,237,232,209,232,257,92,108,131,113,120,149,94,125,105,128,115,138,0,0,1,0,0,0,1,1,3,0,6,6
WESTCHESTER HEIGHTS,Bronx County,424206,428147,433317,438979,442959,447444,452155,455231,457442,460805,463319,466253,43,Bronx,10,8,7,8,10,8,8,5,4,3,3,3,158,192,166,191,211,228,235,237,232,209,232,257,92,108,131,113,120,149,94,125,105,128,115,138,0,0,1,0,0,0,1,1,3,0,6,6
CITY ISLAND,Bronx County,532208,534813,538143,541044,544579,548071,551586,551451,550063,550095,547884,546632,45,Bronx,18,17,16,15,15,18,18,17,15,14,12,12,112,97,120,135,136,162,140,142,133,145,134,123,36,58,61,49,55,68,49,48,43,51,55,64,0,0,0,0,0,0,1,0,1,0,1,1
CO-OP CITY,Bronx County,482623,486935,491607,497705,502262,505373,506701,508193,509752,512006,513372,516587,45,Bronx,4,1,0,0,1,0,0,0,0,0,1,1,112,97,120,135,136,162,140,142,133,145,134,123,36,58,61,49,55,68,49,48,43,51,55,64,0,0,0,0,0,0,1,0,1,0,1,1
COUNTRY CLUB,Bronx County,566825,568503,571499,576661,582055,587802,592768,593995,593228,594054,594660,597944,45,Bronx,2,3,4,1,2,1,1,1,0,0,1,1,112,97,120,135,136,162,140,142,133,145,134,123,36,58,61,49,55,68,49,48,43,51,55,64,0,0,0,0,0,0,1,0,1,0,1,1
PELHAM BAY,Bronx County,491223,494590,498320,503665,507302,511487,515923,519447,523272,527727,530974,535130,45,Bronx,16,11,9,9,10,14,13,8,13,13,22,20,112,97,120,135,136,162,140,142,133,145,134,123,36,58,61,49,55,68,49,48,43,51,55,64,0,0,0,0,0,0,1,0,1,0,1,1
PELHAM BAY PARK,Bronx County,897605,911085,917245,928877,940219,952821,967347,985409,1000377,1011493,1019617,1014065,45,Bronx,0,0,0,0,0,0,0,0,0,0,0,0,112,97,120,135,136,162,140,142,133,145,134,123,36,58,61,49,55,68,49,48,43,51,55,64,0,0,0,0,0,0,1,0,1,0,1,1
THROGGS NECK,Bronx County,473693,476619,481080,486661,490852,493993,497043,499278,500297,502075,502209,503971,45,Bronx,42,23,21,20,14,14,13,11,10,10,14,16,112,97,120,135,136,162,140,142,133,145,134,123,36,58,61,49,55,68,49,48,43,51,55,64,0,0,0,0,0,0,1,0,1,0,1,1
MORRIS HEIGHTS,Bronx County,366184,367121,372452,378533,383289,386173,388538,389179,387713,388677,391696,397979,46,Bronx,18,8,11,11,11,10,13,14,9,9,18,19,152,206,213,219,218,241,243,273,242,292,285,319,114,139,151,125,169,181,111,144,173,180,123,154,1,0,0,1,2,0,2,0,0,3,5,3
UNIVERSITY HEIGHTS,Bronx County,241770,245457,248781,251990,253649,255898,258553,260158,258917,258122,257512,257428,46,Bronx,20,10,10,8,9,9,9,10,12,12,21,24,152,206,213,219,218,241,243,273,242,292,285,319,114,139,151,125,169,181,111,144,173,180,123,154,1,0,0,1,2,0,2,0,0,3,5,3
BAYCHESTER,Bronx County,468586,471582,474451,478737,481849,485034,486447,487694,488737,491371,492441,493730,47,Bronx,8,31,29,30,30,30,28,26,22,23,49,48,151,174,195,229,265,236,217,250,257,265,260,280,105,116,146,147,174,159,130,160,169,148,135,175,2,0,0,0,2,1,0,1,0,1,7,2
WAKEFIELD,Bronx County,451723,454894,459001,463853,466721,470487,473382,476018,478659,481564,483324,485343,47,Bronx,83,25,26,34,25,25,23,27,17,16,40,41,151,174,195,229,265,236,217,250,257,265,260,280,105,116,146,147,174,159,130,160,169,148,135,175,2,0,0,0,2,1,0,1,0,1,7,2
WILLIAMSBRIDGE,Bronx County,297946,299476,302494,307122,311139,314823,317613,319828,322130,324755,326548,328593,47,Bronx,51,15,13,15,11,10,11,12,10,11,37,35,151,174,195,229,265,236,217,250,257,265,260,280,105,116,146,147,174,159,130,160,169,148,135,175,2,0,0,0,2,1,0,1,0,1,7,2
WOODLAWN,Bronx County,273955,273684,274680,274824,273529,273387,275032,277542,279767,282590,283756,285818,47,Bronx,11,1,1,1,2,2,1,2,2,3,7,7,151,174,195,229,265,236,217,250,257,265,260,280,105,116,146,147,174,159,130,160,169,148,135,175,2,0,0,0,2,1,0,1,0,1,7,2
BELMONT,Bronx County,491010,490364,498535,512242,521452,524852,528424,530500,529430,529404,530918,536838,48,Bronx,32,4,6,6,5,4,7,6,4,3,23,21,135,185,169,178,187,212,159,195,206,216,211,220,75,79,118,118,138,128,100,117,87,107,96,91,1,0,0,1,0,0,1,0,1,2,4,0
EAST TREMONT,Bronx County,201975,206121,208921,211083,212663,215497,217503,218162,218756,219182,219874,220071,48,Bronx,0,0,0,0,0,0,0,0,0,0,0,0,135,185,169,178,187,212,159,195,206,216,211,220,75,79,118,118,138,128,100,117,87,107,96,91,1,0,0,1,0,0,1,0,1,2,4,0
TREMONT,Bronx County,223341,229001,235991,242339,244394,245365,247015,248989,250534,252102,255893,259720,48,Bronx,44,23,28,22,21,19,18,20,20,20,37,35,135,185,169,178,187,212,159,195,206,216,211,220,75,79,118,118,138,128,100,117,87,107,96,91,1,0,0,1,0,0,1,0,1,2,4,0
WEST FARMS,Bronx County,246178,248911,253499,256896,258975,261851,266653,272157,275989,279647,283266,288079,48,Bronx,30,10,9,6,8,8,7,8,10,11,16,16,135,185,169,178,187,212,159,195,206,216,211,220,75,79,118,118,138,128,100,117,87,107,96,91,1,0,0,1,0,0,1,0,1,2,4,0
EASTCHESTER,Bronx County,427903,429835,434233,440596,446077,449824,452069,453816,456267,460245,462549,464623,49,Bronx,13,5,5,4,6,6,5,4,6,7,14,13,104,100,127,128,135,153,129,170,171,179,158,202,59,79,81,90,88,84,68,101,85,88,70,83,0,1,1,0,1,0,0,1,1,2,0,1
MORRIS PARK,Bronx County,309769,311261,313573,316537,319111,323432,327997,331197,333816,337557,339818,342151,49,Bronx,37,13,16,17,17,16,16,20,13,13,35,34,104,100,127,128,135,153,129,170,171,179,158,202,59,79,81,90,88,84,68,101,85,88,70,83,0,1,1,0,1,0,0,1,1,2,0,1
PELHAM GARDENS,Bronx County,541005,543835,549168,555891,559773,562123,564371,564347,564234,565214,566845,570101,49,Bronx,80,8,7,8,11,12,11,10,6,5,21,21,104,100,127,128,135,153,129,170,171,179,158,202,59,79,81,90,88,84,68,101,85,88,70,83,0,1,1,0,1,0,0,1,1,2,0,1
VAN NEST,Bronx County,503142,504406,508860,516702,522150,528080,533032,535073,534474,535139,536416,540827,49,Bronx,14,5,4,4,3,5,2,4,2,3,14,16,104,100,127,128,135,153,129,170,171,179,158,202,59,79,81,90,88,84,68,101,85,88,70,83,0,1,1,0,1,0,0,1,1,2,0,1
FIELDSTON,Bronx County,507774,511077,519238,528039,535730,544467,548321,551313,552430,557671,560468,564307,50,Bronx,12,0,0,0,0,0,0,0,0,0,0,0,72,77,66,65,58,77,66,65,58,91,59,77,44,40,27,35,45,44,59,73,32,43,25,53,0,2,0,0,0,2,0,0,0,0,0,1
KINGSBRIDGE,Bronx County,245538,249473,254849,257686,259380,260237,260448,258401,255900,254567,255069,255769,50,Bronx,72,32,25,24,28,28,25,21,22,21,44,45,72,77,66,65,58,77,66,65,58,91,59,77,44,40,27,35,45,44,59,73,32,43,25,53,0,2,0,0,0,2,0,0,0,0,0,1
NORTH RIVERDALE,Bronx County,307065,309331,310847,313542,313830,314728,315451,315949,316182,316144,315838,315261,50,Bronx,10,0,0,0,0,0,0,0,0,0,0,0,72,77,66,65,58,77,66,65,58,91,59,77,44,40,27,35,45,44,59,73,32,43,25,53,0,2,0,0,0,2,0,0,0,0,0,1
RIVERDALE,Bronx County,359137,363731,372022,375747,376385,371682,370162,370454,373410,373854,371802,370370,50,Bronx,9,17,15,16,15,16,13,15,16,16,31,34,72,77,66,65,58,77,66,65,58,91,59,77,44,40,27,35,45,44,59,73,32,43,25,53,0,2,0,0,0,2,0,0,0,0,0,1
SPUYTEN DUYVIL,Bronx County,316159,320379,326525,331975,335953,340242,344526,348804,353757,354450,354349,355859,50,Bronx,16,6,10,9,8,9,10,8,11,11,19,13,72,77,66,65,58,77,66,65,58,91,59,77,44,40,27,35,45,44,59,73,32,43,25,53,0,2,0,0,0,2,0,0,0,0,0,1
BEDFORD PARK,Bronx County,174438,177480,181873,184487,187001,188488,189372,188287,187281,186895,187228,186933,52,Bronx,0,15,15,14,13,14,13,12,13,15,25,25,232,250,258,270,304,255,244,263,250,293,288,266,112,165,142,171,151,197,132,180,170,148,158,168,3,1,0,0,0,2,1,3,9,0,1,7
FORDHAM,Bronx County,208291,210910,213340,215633,216469,217124,217354,217074,216229,214818,212850,210336,52,Bronx,56,14,17,21,18,22,17,15,12,14,13,15,232,250,258,270,304,255,244,263,250,293,288,266,112,165,142,171,151,197,132,180,170,148,158,168,3,1,0,0,0,2,1,3,9,0,1,7
NORWOOD,Bronx County,171374,172869,175966,177880,178801,179553,181683,183338,185354,187462,191316,195131,52,Bronx,39,15,15,13,11,10,10,12,13,12,19,20,232,250,258,270,304,255,244,263,250,293,288,266,112,165,142,171,151,197,132,180,170,148,158,168,3,1,0,0,0,2,1,3,9,0,1,7
BRIGHTON BEACH,Kings County,467691,471569,472916,470969,471507,473028,475834,476050,475652,473160,471983,471699,60,Brooklyn,76,28,28,26,30,25,24,27,27,26,63,59,113,112,122,111,157,198,194,171,126,135,119,167,105,84,83,103,98,133,106,121,119,109,105,126,4,11,5,12,14,28,34,16,12,10,7,7
CONEY ISLAND,Kings County,442512,443805,443351,444495,443631,443031,443170,440837,439192,438011,438963,436563,60,Brooklyn,23,21,23,18,19,20,15,14,15,16,30,31,113,112,122,111,157,198,194,171,126,135,119,167,105,84,83,103,98,133,106,121,119,109,105,126,4,11,5,12,14,28,34,16,12,10,7,7
GERRITSEN BEACH,Kings County,500621,502752,504492,509205,510805,513007,516271,518834,522066,523199,526453,527836,61,Brooklyn,2,2,2,2,0,0,0,0,1,2,3,3,71,88,100,102,81,117,88,87,89,114,95,108,72,73,72,71,72,78,73,84,79,68,45,69,1,0,1,2,2,3,1,1,0,2,0,1
GRAVESEND,Kings County,737400,739017,740395,741571,741105,741518,743636,744461,744497,743358,742716,742079,61,Brooklyn,91,54,47,39,39,41,46,42,42,32,63,53,71,88,100,102,81,117,88,87,89,114,95,108,72,73,72,71,72,78,73,84,79,68,45,69,1,0,1,2,2,3,1,1,0,2,0,1
HOMECREST,Kings County,487260,492143,496720,499731,501728,505383,508708,510102,510473,511576,513892,514979,61,Brooklyn,0,0,0,0,0,0,0,0,0,0,0,0,71,88,100,102,81,117,88,87,89,114,95,108,72,73,72,71,72,78,73,84,79,68,45,69,1,0,1,2,2,3,1,1,0,2,0,1
MANHATTAN BEACH,Kings County,1206968,1211694,1209181,1212010,1209196,1209908,1205221,1206363,1207577,1210685,1206003,1197180,61,Brooklyn,10,12,11,10,13,11,11,10,11,11,12,12,71,88,100,102,81,117,88,87,89,114,95,108,72,73,72,71,72,78,73,84,79,68,45,69,1,0,1,2,2,3,1,1,0,2,0,1
SHEEPSHEAD BAY,Kings County,412706,412832,412246,412291,411917,412521,413195,413697,414038,413899,414149,413534,61,Brooklyn,176,86,82,75,86,73,73,69,64,66,135,130,71,88,100,102,81,117,88,87,89,114,95,108,72,73,72,71,72,78,73,84,79,68,45,69,1,0,1,2,2,3,1,1,0,2,0,1
BATH BEACH,Kings County,494816,494159,493442,493638,495057,494593,494365,493324,492408,491054,489929,487590,62,Brooklyn,29,18,12,12,11,4,4,8,4,5,16,14,74,70,98,73,72,71,72,100,87,106,92,92,47,49,81,38,67,54,54,56,68,58,72,75,1,1,9,4,6,7,6,18,10,5,1,0
BENSONHURST,Kings County,746380,748755,749543,750098,749842,749311,748579,747825,746275,744997,742782,740567,62,Brooklyn,81,46,37,44,39,38,42,44,43,40,75,70,74,70,98,73,72,71,72,100,87,106,92,92,47,49,81,38,67,54,54,56,68,58,72,75,1,1,9,4,6,7,6,18,10,5,1,0
NEW UTRECHT,Kings County,958998,962723,963967,961812,956907,951754,948445,946011,943682,941115,936474,932287,62,Brooklyn,0,0,0,0,0,0,0,0,0,0,0,0,74,70,98,73,72,71,72,100,87,106,92,92,47,49,81,38,67,54,54,56,68,58,72,75,1,1,9,4,6,7,6,18,10,5,1,0
BERGEN BEACH,Kings County,826194,821518,821230,824617,826746,826436,826295,822174,816516,812679,809993,811415,63,Brooklyn,17,7,5,4,4,4,4,7,5,6,12,9,63,54,66,56,79,112,73,87,116,100,84,114,57,54,53,47,60,81,48,84,85,54,65,65,1,0,0,0,0,1,1,2,3,0,1,1
FLATLANDS,Kings County,549474,551529,552569,552885,552746,554549,556094,557409,558764,558956,559284,559444,63,Brooklyn,77,34,36,31,34,33,35,29,35,38,64,67,63,54,66,56,79,112,73,87,116,100,84,114,57,54,53,47,60,81,48,84,85,54,65,65,1,0,0,0,0,1,1,2,3,0,1,1
GEORGETOWN,Kings County,577951,578361,576976,576203,575403,575305,575628,577378,579864,580986,581711,582310,63,Brooklyn,0,0,0,0,0,0,0,0,0,0,0,0,63,54,66,56,79,112,73,87,116,100,84,114,57,54,53,47,60,81,48,84,85,54,65,65,1,0,0,0,0,1,1,2,3,0,1,1
MARINE PARK,Kings County,691036,691127,691554,692401,691465,690156,689581,688038,686366,682270,678900,675521,63,Brooklyn,0,0,3,0,1,0,0,0,0,0,1,0,63,54,66,56,79,112,73,87,116,100,84,114,57,54,53,47,60,81,48,84,85,54,65,65,1,0,0,0,0,1,1,2,3,0,1,1
MILL BASIN,Kings County,814237,809325,806188,806112,804667,802860,801713,800347,798179,795865,793421,792806,63,Brooklyn,9,1,2,2,1,1,0,0,1,1,0,0,63,54,66,56,79,112,73,87,116,100,84,114,57,54,53,47,60,81,48,84,85,54,65,65,1,0,0,0,0,1,1,2,3,0,1,1
BOROUGH PARK,Kings County,883855,885101,882424,881702,878309,876143,872350,864319,856330,848082,841715,834954,66,Brooklyn,148,16,16,15,18,14,17,14,10,10,36,36,38,49,38,72,68,47,40,71,68,73,35,58,50,46,50,49,41,45,47,58,42,74,34,49,1,1,1,1,0,0,0,0,0,0,1,1
KENSINGTON,Kings County,618385,625071,625191,621475,615355,613069,606325,598173,594367,588876,586222,583966,66,Brooklyn,166,75,79,77,76,75,76,70,76,78,159,157,38,49,38,72,68,47,40,71,68,73,35,58,50,46,50,49,41,45,47,58,42,74,34,49,1,1,1,1,0,0,0,0,0,0,1,1
EAST FLATBUSH,Kings County,555231,559188,563220,566760,569104,572335,574981,577457,581735,585577,589420,592990,67,Brooklyn,522,189,182,186,189,184,184,181,155,150,344,343,116,142,139,185,182,201,164,229,169,229,201,214,102,128,139,146,150,168,130,163,161,155,172,188,0,1,4,2,3,7,4,7,3,6,8,8
FLATBUSH,Kings County,599524,609081,617780,622760,621091,622268,620934,619480,619835,617515,614283,610322,67,Brooklyn,639,552,528,536,547,546,532,532,527,529,782,788,116,142,139,185,182,201,164,229,169,229,201,214,102,128,139,146,150,168,130,163,161,155,172,188,0,1,4,2,3,7,4,7,3,6,8,8
BAY RIDGE,Kings County,538312,535217,539682,544892,552122,555090,555778,553701,552610,546685,542631,538402,68,Brooklyn,153,134,131,120,130,116,112,110,99,106,190,189,73,96,103,108,75,110,76,105,126,150,109,103,39,44,57,66,60,62,63,57,72,85,74,81,2,2,3,3,0,4,7,5,5,2,7,3
DYKER HEIGHTS,Kings County,975031,976463,975461,972730,969981,966713,965989,964791,964273,962675,959499,955507,68,Brooklyn,18,6,6,6,5,5,5,7,8,10,23,21,73,96,103,108,75,110,76,105,126,150,109,103,39,44,57,66,60,62,63,57,72,85,74,81,2,2,3,3,0,4,7,5,5,2,7,3
FORT HAMILTON,Kings County,459187,456668,456147,460337,462457,462407,459983,458598,456571,454215,452650,451431,68,Brooklyn,57,0,1,1,1,1,1,1,0,0,0,0,73,96,103,108,75,110,76,105,126,150,109,103,39,44,57,66,60,62,63,57,72,85,74,81,2,2,3,3,0,4,7,5,5,2,7,3
CANARSIE,Kings County,528928,531281,531709,533956,535261,537525,539125,540584,543232,542773,542957,542552,69,Brooklyn,172,97,98,88,81,88,85,76,83,84,133,124,63,58,54,63,73,65,81,88,51,77,65,78,47,36,48,53,69,61,48,67,73,44,54,57,1,2,8,2,5,5,2,2,3,7,7,4
MIDWOOD,Kings County,808526,812566,815738,818026,818126,818332,819530,820373,820457,819150,817461,815635,70,Brooklyn,117,66,64,70,64,63,63,66,61,64,116,114,111,103,123,129,119,153,127,159,172,174,156,169,94,126,103,97,88,114,79,121,99,95,102,129,2,6,4,4,6,3,5,2,4,5,7,2
OCEAN PARKWAY,Kings County,616126,618671,619109,619932,619206,621048,623748,626952,627874,627162,625847,624114,70,Brooklyn,0,0,0,0,0,0,0,0,0,0,0,0,111,103,123,129,119,153,127,159,172,174,156,169,94,126,103,97,88,114,79,121,99,95,102,129,2,6,4,4,6,3,5,2,4,5,7,2
PROSPECT PARK SOUTH,Kings County,2351450,2370828,2368359,2353719,2325600,2320955,2321407,2319524,2314596,2314047,2314920,2317985,70,Brooklyn,0,0,0,0,0,0,0,0,0,0,0,0,111,103,123,129,119,153,127,159,172,174,156,169,94,126,103,97,88,114,79,121,99,95,102,129,2,6,4,4,6,3,5,2,4,5,7,2
PROSPECT LEFFERTS GARDENS,Kings County,997521,1012082,1025260,1035433,1041612,1042819,1037693,1030470,1029291,1032349,1034922,1032301,71,Brooklyn,535,157,166,159,162,166,154,163,168,171,424,435,103,97,98,85,110,94,100,126,138,125,111,139,87,88,88,80,119,124,98,104,111,97,76,126,2,2,2,0,5,4,4,7,8,5,5,2
WINGATE,Kings County,532287,532667,534893,539476,545900,551447,559156,564339,572192,578245,582841,587762,71,Brooklyn,0,0,0,0,0,0,0,0,0,0,0,0,103,97,98,85,110,94,100,126,138,125,111,139,87,88,88,80,119,124,98,104,111,97,76,126,2,2,2,0,5,4,4,7,8,5,5,2
SUNSET PARK,Kings County,586972,588807,590073,590536,591757,592296,592046,589563,588713,588096,587925,587629,72,Brooklyn,433,173,178,152,135,147,145,138,137,131,283,296,102,119,148,124,140,152,171,169,170,200,164,152,79,90,70,82,188,98,94,98,110,78,78,105,9,8,14,12,20,16,11,16,6,17,6,6
WINDSOR TERRACE,Kings County,784603,791449,796703,804672,806222,805541,802760,797621,792063,788740,785913,785633,72,Brooklyn,152,57,58,59,61,58,62,60,57,59,160,164,102,119,148,124,140,152,171,169,170,200,164,152,79,90,70,82,188,98,94,98,110,78,78,105,9,8,14,12,20,16,11,16,6,17,6,6
BROWNSVILLE,Kings County,454795,455667,460126,465470,468994,470754,470717,471680,470142,468769,468593,469057,73,Brooklyn,77,13,16,14,15,13,13,14,11,11,34,34,122,191,179,155,216,211,163,210,230,193,204,229,117,141,185,157,182,171,136,193,140,168,174,210,7,10,6,5,6,10,14,14,10,14,5,17
OCEAN HILL,Kings County,721431,721183,724373,726912,733036,736626,739127,739597,738529,737414,734948,734267,73,Brooklyn,0,0,0,0,0,0,0,0,0,0,0,0,122,191,179,155,216,211,163,210,230,193,204,229,117,141,185,157,182,171,136,193,140,168,174,210,7,10,6,5,6,10,14,14,10,14,5,17
EAST NEW YORK,Kings County,483459,483357,484513,486712,489327,490588,490641,491011,492538,493474,494800,496309,75,Brooklyn,417,189,192,175,180,190,181,174,179,190,309,308,166,209,235,207,233,261,247,251,210,260,228,221,188,256,280,314,303,281,274,282,258,250,250,251,3,3,5,6,7,10,8,7,6,7,8,10
CARROLL GARDENS,Kings County,1498987,1492868,1489245,1491492,1493736,1496015,1494714,1487845,1487355,1478233,1468665,1455808,76,Brooklyn,239,85,84,78,79,82,85,90,92,95,244,241,41,53,73,69,71,91,77,81,86,107,81,93,29,30,57,44,51,58,65,60,55,54,69,63,2,1,6,7,7,10,7,5,10,8,6,4
COBBLE HILL,Kings County,1392039,1387409,1388088,1388807,1397077,1402933,1402895,1397516,1400486,1400079,1400596,1401582,76,Brooklyn,99,20,22,25,26,22,22,24,20,19,64,61,41,53,73,69,71,91,77,81,86,107,81,93,29,30,57,44,51,58,65,60,55,54,69,63,2,1,6,7,7,10,7,5,10,8,6,4
COLUMBIA STREET WATERFRONT DISTRICT,Kings County,1048251,1048435,1051539,1054055,1054460,1054321,1053302,1049018,1048087,1049270,1051154,1051738,76,Brooklyn,42,7,8,8,12,10,11,12,7,7,39,38,41,53,73,69,71,91,77,81,86,107,81,93,29,30,57,44,51,58,65,60,55,54,69,63,2,1,6,7,7,10,7,5,10,8,6,4
GOWANUS,Kings County,1251202,1245547,1245272,1245529,1244346,1240849,1236100,1229766,1226229,1221235,1215714,1208385,76,Brooklyn,241,102,99,102,102,104,108,116,104,108,190,191,41,53,73,69,71,91,77,81,86,107,81,93,29,30,57,44,51,58,65,60,55,54,69,63,2,1,6,7,7,10,7,5,10,8,6,4
RED HOOK,Kings County,1915480,1899438,1874833,1876488,1876345,1885146,1887526,1881609,1863909,1834782,1807178,1781148,76,Brooklyn,82,38,38,41,36,39,35,29,37,38,73,72,41,53,73,69,71,91,77,81,86,107,81,93,29,30,57,44,51,58,65,60,55,54,69,63,2,1,6,7,7,10,7,5,10,8,6,4
CROWN HEIGHTS,Kings County,897210,892691,890096,891197,891764,888989,885952,879844,878740,876171,872668,867026,77,Brooklyn,1635,627,635,633,673,656,645,666,648,650,1517,1549,95,98,134,105,108,129,132,129,112,140,134,129,113,121,133,113,111,139,123,144,146,123,86,147,0,0,1,0,0,2,4,2,1,2,2,4
PARK SLOPE,Kings County,1106570,1109961,1112700,1113898,1113514,1114065,1109854,1102862,1099046,1091681,1080277,1062177,78,Brooklyn,778,305,303,305,317,312,306,326,322,324,788,789,45,51,54,59,81,79,72,73,64,92,74,85,26,44,39,35,38,34,56,45,30,31,42,52,0,0,3,0,0,0,0,0,0,2,3,0
BEDFORD STUYVESANT,Kings County,996153,991931,993266,998627,1001537,1001400,1000211,995251,992209,990967,989268,991483,79,Brooklyn,3974,1871,1848,1888,1893,1881,1896,1893,1912,1927,3305,3282,80,106,143,118,160,142,156,171,154,148,118,127,86,98,121,119,99,111,131,122,112,133,91,121,1,3,10,2,7,7,11,12,11,6,3,3
BUSHWICK,Kings County,935148,934559,936782,941611,942355,939646,938728,937370,938402,940229,941924,947098,83,Brooklyn,2504,960,947,953,1012,1009,981,977,989,998,2332,2387,102,88,127,111,108,112,123,130,131,147,165,172,67,91,99,119,107,93,80,109,119,112,94,107,3,2,2,4,2,2,2,3,2,1,1,0
BOERUM HILL,Kings County,1368217,1359360,1356112,1351195,1348516,1345483,1340901,1333211,1328308,1321338,1310771,1301958,84,Brooklyn,180,88,94,91,98,89,91,91,95,97,245,244,80,113,109,121,100,106,126,132,124,138,140,175,102,90,122,109,100,156,102,99,150,238,84,112,2,0,2,1,1,5,4,3,3,5,3,9
BROOKLYN HEIGHTS,New York County,1161704,1179072,1181766,1186948,1188906,1201142,1189401,1171053,1147700,1127622,1109517,1087450,84,Brooklyn,150,37,36,35,46,47,51,50,43,42,148,145,80,113,109,121,100,106,126,132,124,138,140,175,102,90,122,109,100,156,102,99,150,238,84,112,2,0,2,1,1,5,4,3,3,5,3,9
DOWNTOWN,Kings County,688480,683361,673530,664731,656866,654263,649499,646191,643970,639479,634431,630051,84,Brooklyn,81,58,60,54,49,67,60,61,60,64,110,114,80,113,109,121,100,106,126,132,124,138,140,175,102,90,122,109,100,156,102,99,150,238,84,112,2,0,2,1,1,5,4,3,3,5,3,9
DUMBO,Kings County,1670563,1666466,1661210,1660655,1654674,1649923,1645890,1641435,1635308,1627476,1616473,1604076,84,Brooklyn,41,21,22,22,23,19,21,21,23,24,50,51,80,113,109,121,100,106,126,132,124,138,140,175,102,90,122,109,100,156,102,99,150,238,84,112,2,0,2,1,1,5,4,3,3,5,3,9
VINEGAR HILL,New York County,1444851,1444008,1445358,1435605,1430879,1422324,1417109,1405176,1391963,1382625,1370824,1365997,84,Brooklyn,33,0,0,0,0,1,1,1,0,0,6,6,80,113,109,121,100,106,126,132,124,138,140,175,102,90,122,109,100,156,102,99,150,238,84,112,2,0,2,1,1,5,4,3,3,5,3,9
CLINTON HILL,Kings County,700499,692331,691273,689953,690568,690880,693174,694943,694130,693677,688653,687872,88,Brooklyn,930,454,440,449,472,468,472,463,472,468,1134,1166,56,54,52,48,63,57,64,62,57,71,44,66,41,62,46,49,59,43,51,35,38,56,41,50,1,0,0,2,3,0,1,2,1,2,1,2
FORT GREENE,Kings County,796666,788022,784562,779556,774887,769972,765844,765043,763786,760778,754409,747425,88,Brooklyn,498,213,210,209,223,227,223,218,222,224,375,371,56,54,52,48,63,57,64,62,57,71,44,66,41,62,46,49,59,43,51,35,38,56,41,50,1,0,0,2,3,0,1,2,1,2,1,2
NAVY YARD,Kings County,1025391,1019903,1020743,1019936,1016253,1007664,996213,990323,985137,991622,988379,990270,88,Brooklyn,15,39,42,38,38,42,34,39,38,39,79,81,56,54,52,48,63,57,64,62,57,71,44,66,41,62,46,49,59,43,51,35,38,56,41,50,1,0,0,2,3,0,1,2,1,2,1,2
WILLIAMSBURG,Kings County,900908,897644,899681,902591,907637,905685,901646,896184,893806,890622,885046,884558,90,Brooklyn,3936,1746,1736,1765,1788,1798,1827,1861,1865,1891,3979,4023,63,79,83,83,85,97,88,90,89,102,83,93,51,107,159,101,138,125,118,135,105,120,121,104,1,1,1,3,0,4,1,2,5,3,2,2
GREENPOINT,Kings County,1115583,1111599,1110764,1109606,1111405,1108214,1106038,1103691,1106792,1105923,1101624,1096777,94,Brooklyn,1104,419,408,422,437,435,436,436,430,436,1062,1074,25,45,47,46,47,57,55,68,44,52,45,54,18,18,25,30,19,35,22,39,67,33,36,39,0,0,1,1,2,0,0,0,0,0,1,0
ARVERNE,Queens County,353237,352584,350286,349262,349140,349850,352451,354630,355344,355099,353656,351994,100,Queens,85,0,0,0,0,0,0,0,0,0,0,0,48,44,51,60,70,87,71,72,59,84,57,72,22,35,41,44,60,51,47,62,58,52,36,60,0,0,0,1,3,1,0,0,3,1,2,1
BELLE HARBOR,Queens County,946344,950077,956517,958284,957926,954379,952757,949092,946618,946360,948684,951263,100,Queens,7,0,0,0,0,0,0,0,0,0,0,0,48,44,51,60,70,87,71,72,59,84,57,72,22,35,41,44,60,51,47,62,58,52,36,60,0,0,0,1,3,1,0,0,3,1,2,1
BREEZY POINT,Queens County,382648,382008,380021,377851,376545,377499,379139,381627,385103,389626,394941,401454,100,Queens,3,0,0,0,0,0,0,0,0,0,0,0,48,44,51,60,70,87,71,72,59,84,57,72,22,35,41,44,60,51,47,62,58,52,36,60,0,0,0,1,3,1,0,0,3,1,2,1
BROAD CHANNEL,Queens County,424558,425140,425318,426703,429297,429551,431050,431967,434179,433039,431151,430470,100,Queens,0,0,0,0,0,0,0,0,0,0,0,0,48,44,51,60,70,87,71,72,59,84,57,72,22,35,41,44,60,51,47,62,58,52,36,60,0,0,0,1,3,1,0,0,3,1,2,1
JACOB RIIS PARK,Queens County,1205604,1206154,1205046,1209465,1212683,1206465,1194058,1182097,1177571,1173213,1172951,1163418,100,Queens,0,0,0,0,0,0,0,0,0,0,0,0,48,44,51,60,70,87,71,72,59,84,57,72,22,35,41,44,60,51,47,62,58,52,36,60,0,0,0,1,3,1,0,0,3,1,2,1
NEPONSIT,Queens County,1200935,1205803,1206516,1205825,1205174,1197894,1190258,1180076,1177499,1175100,1178989,1177744,100,Queens,3,0,0,0,0,0,0,0,0,0,0,0,48,44,51,60,70,87,71,72,59,84,57,72,22,35,41,44,60,51,47,62,58,52,36,60,0,0,0,1,3,1,0,0,3,1,2,1
ROCKAWAY PARK,Queens County,326823,329642,332825,335159,335666,336883,338243,340425,338912,337734,337734,339097,100,Queens,75,237,239,234,226,204,201,199,195,203,193,195,48,44,51,60,70,87,71,72,59,84,57,72,22,35,41,44,60,51,47,62,58,52,36,60,0,0,0,1,3,1,0,0,3,1,2,1
FAR ROCKAWAY,Queens County,485675,488991,490936,492321,493836,495543,497302,497616,496884,496590,497730,498960,101,Queens,61,0,0,0,0,0,0,0,0,0,0,0,84,55,69,61,88,98,85,103,77,87,86,95,82,80,85,99,97,126,78,90,106,98,66,101,1,0,2,1,3,5,2,7,2,1,1,1
KEW GARDENS,Queens County,319623,321354,321760,322286,322067,321290,319297,318305,317427,318235,318095,316889,102,Queens,46,0,0,0,0,0,0,0,0,0,0,0,94,129,137,131,146,148,139,151,159,153,94,147,60,113,109,97,92,113,92,126,89,79,63,105,0,0,3,2,1,1,0,6,2,0,3,1
KEW GARDENS HILLS,Queens County,358051,358040,358942,359285,359790,359255,358423,357859,356589,355759,355686,356034,102,Queens,29,23,23,21,24,21,15,15,17,16,32,35,94,129,137,131,146,148,139,151,159,153,94,147,60,113,109,97,92,113,92,126,89,79,63,105,0,0,3,2,1,1,0,6,2,0,3,1
RICHMOND HILL,Queens County,592963,594447,595319,596199,597442,596847,596381,595680,594538,594751,593794,593049,102,Queens,110,76,73,59,63,58,61,67,59,64,116,116,94,129,137,131,146,148,139,151,159,153,94,147,60,113,109,97,92,113,92,126,89,79,63,105,0,0,3,2,1,1,0,6,2,0,3,1
WOODHAVEN,Queens County,604716,603915,602870,601837,601529,600148,598910,598179,597571,597892,597185,597317,102,Queens,97,57,61,58,51,51,42,46,48,47,82,73,94,129,137,131,146,148,139,151,159,153,94,147,60,113,109,97,92,113,92,126,89,79,63,105,0,0,3,2,1,1,0,6,2,0,3,1
BRIARWOOD,Queens County,270720,270958,271296,271203,274274,277042,278138,277581,276274,275839,276866,277045,103,Queens,48,0,0,0,0,0,0,0,0,0,0,0,160,161,176,155,207,233,224,205,193,233,225,228,109,125,129,127,112,170,135,161,140,147,123,132,1,0,2,3,1,4,2,2,5,2,4,3
HOLLIS,Queens County,535181,536878,538918,540892,543113,543746,544690,545743,546281,547043,547562,547502,103,Queens,26,0,0,0,0,0,0,0,0,0,0,0,160,161,176,155,207,233,224,205,193,233,225,228,109,125,129,127,112,170,135,161,140,147,123,132,1,0,2,3,1,4,2,2,5,2,4,3
JAMAICA,Queens County,494255,495880,496526,496929,496959,495523,493828,493075,492866,493708,494161,494301,103,Queens,266,363,367,358,349,338,314,300,289,291,580,571,160,161,176,155,207,233,224,205,193,233,225,228,109,125,129,127,112,170,135,161,140,147,123,132,1,0,2,3,1,4,2,2,5,2,4,3
GLENDALE,Queens County,691808,690867,690383,690896,689625,688683,687613,687437,686069,686045,685541,685910,104,Queens,69,25,27,24,26,25,19,22,24,24,43,42,101,88,132,113,143,132,126,91,116,95,108,134,60,67,75,59,71,84,66,85,57,62,55,78,2,1,1,1,4,2,1,5,3,2,4,1
MASPETH,Queens County,745423,744964,745729,746219,746031,744276,744106,743705,743773,743731,743441,743614,104,Queens,130,44,50,45,51,41,38,40,36,40,68,73,101,88,132,113,143,132,126,91,116,95,108,134,60,67,75,59,71,84,66,85,57,62,55,78,2,1,1,1,4,2,1,5,3,2,4,1
MIDDLE VILLAGE,Queens County,767392,767519,768455,768577,769060,767559,766856,766169,764667,763890,762790,761926,104,Queens,38,22,19,18,18,17,19,14,18,16,28,28,101,88,132,113,143,132,126,91,116,95,108,134,60,67,75,59,71,84,66,85,57,62,55,78,2,1,1,1,4,2,1,5,3,2,4,1
RIDGEWOOD,Queens County,778849,775861,772982,771548,769682,767407,764575,762840,763810,767294,771334,776388,104,Queens,440,221,222,224,225,216,217,228,210,199,412,414,101,88,132,113,143,132,126,91,116,95,108,134,60,67,75,59,71,84,66,85,57,62,55,78,2,1,1,1,4,2,1,5,3,2,4,1
FLORAL PARK,Queens County,668175,669280,668939,668228,668740,668524,668777,668568,667592,667380,667863,669049,105,Queens,0,0,0,0,0,0,0,0,0,0,0,0,72,103,85,80,119,140,126,155,139,142,136,145,100,94,114,95,114,104,85,101,127,112,80,105,0,1,0,1,0,1,1,6,3,2,1,2
BELLEROSE,Queens County,616254,616862,617740,619233,620783,620318,620629,621074,621639,621810,622504,623454,105,Queens,13,0,0,0,0,0,0,0,0,0,0,0,72,103,85,80,119,140,126,155,139,142,136,145,100,94,114,95,114,104,85,101,127,112,80,105,0,1,0,1,0,1,1,6,3,2,1,2
CAMBRIA HEIGHTS,Queens County,509637,509565,508871,506907,504915,502025,500724,500519,501401,501602,503043,504433,105,Queens,32,0,0,0,0,0,0,0,0,0,0,0,72,103,85,80,119,140,126,155,139,142,136,145,100,94,114,95,114,104,85,101,127,112,80,105,0,1,0,1,0,1,1,6,3,2,1,2
GLEN OAKS,Queens County,370316,370774,371132,371908,371390,371248,369541,365818,361853,361006,361294,361569,105,Queens,0,0,0,0,0,0,0,0,0,0,0,0,72,103,85,80,119,140,126,155,139,142,136,145,100,94,114,95,114,104,85,101,127,112,80,105,0,1,0,1,0,1,1,6,3,2,1,2
JOHN F. KENNEDY INTERNATIONAL AIRPORT,Queens County,641085,645372,653048,656894,661538,661379,659200,657376,650962,646735,641805,647596,105,Queens,0,0,0,0,0,0,0,0,0,0,0,0,72,103,85,80,119,140,126,155,139,142,136,145,100,94,114,95,114,104,85,101,127,112,80,105,0,1,0,1,0,1,1,6,3,2,1,2
LAURELTON,Queens County,505982,507732,509761,510015,511164,511416,511543,512368,512073,511928,512756,514052,105,Queens,27,0,0,0,0,0,0,0,0,0,0,0,72,103,85,80,119,140,126,155,139,142,136,145,100,94,114,95,114,104,85,101,127,112,80,105,0,1,0,1,0,1,1,6,3,2,1,2
QUEENS VILLAGE,Queens County,537821,539806,542430,544470,546300,546190,546219,547226,547877,548960,549972,551294,105,Queens,70,0,0,0,0,0,0,0,0,0,0,0,72,103,85,80,119,140,126,155,139,142,136,145,100,94,114,95,114,104,85,101,127,112,80,105,0,1,0,1,0,1,1,6,3,2,1,2
ROSEDALE,Queens County,519819,524060,526315,526621,526930,527145,527393,528563,528814,529282,528718,527804,105,Queens,74,0,0,0,0,0,0,0,0,0,0,0,72,103,85,80,119,140,126,155,139,142,136,145,100,94,114,95,114,104,85,101,127,112,80,105,0,1,0,1,0,1,1,6,3,2,1,2
HOWARD BEACH,Queens County,459292,462269,464081,466146,467096,466973,467403,469277,471924,474816,476489,477024,106,Queens,24,13,12,12,12,13,11,12,18,13,18,20,95,105,103,86,92,116,107,142,132,119,109,100,80,81,101,89,100,98,89,108,101,90,76,74,0,1,0,0,1,1,2,2,0,2,2,1
JAMAICA ESTATES,Queens County,957230,959285,961542,962058,962438,962100,963247,964022,962104,962752,963720,965868,106,Queens,16,0,0,0,0,0,0,0,0,0,0,0,95,105,103,86,92,116,107,142,132,119,109,100,80,81,101,89,100,98,89,108,101,90,76,74,0,1,0,0,1,1,2,2,0,2,2,1
OZONE PARK,Queens County,569446,571729,572909,573720,574831,574760,574001,574119,574300,575663,576003,575982,106,Queens,65,36,30,29,30,28,28,27,25,24,50,45,95,105,103,86,92,116,107,142,132,119,109,100,80,81,101,89,100,98,89,108,101,90,76,74,0,1,0,0,1,1,2,2,0,2,2,1
FRESH MEADOWS,Queens County,918387,917855,919258,919278,919977,917020,914064,911536,908492,906764,904802,903629,107,Queens,35,11,14,12,13,10,9,9,5,5,10,9,74,71,93,88,82,110,98,109,100,104,88,75,82,53,75,81,87,78,75,76,74,86,77,57,1,0,1,0,1,0,0,0,1,0,1,0
HILLCREST,Queens County,813323,813708,813760,813004,811988,812513,812788,812835,809116,806461,804150,802915,107,Queens,0,13,10,9,5,8,7,9,10,12,24,32,74,71,93,88,82,110,98,109,100,104,88,75,82,53,75,81,87,78,75,76,74,86,77,57,1,0,1,0,1,0,0,0,1,0,1,0
HOLLISWOOD,Queens County,321930,317364,314743,313329,311812,310688,310707,309705,308861,308883,310025,312695,107,Queens,5,0,0,0,0,0,0,0,0,0,0,0,74,71,93,88,82,110,98,109,100,104,88,75,82,53,75,81,87,78,75,76,74,86,77,57,1,0,1,0,1,0,0,0,1,0,1,0
JAMAICA HILLS,Queens County,485941,486955,487295,487907,487846,488006,488239,489156,488801,489394,489898,489902,107,Queens,17,0,0,0,0,0,0,0,0,0,0,0,74,71,93,88,82,110,98,109,100,104,88,75,82,53,75,81,87,78,75,76,74,86,77,57,1,0,1,0,1,0,0,0,1,0,1,0
POMONOK,Queens County,274240,272376,272641,274789,279111,281377,282914,284540,286736,289551,293145,295724,107,Queens,0,0,0,0,0,0,0,0,0,0,0,0,74,71,93,88,82,110,98,109,100,104,88,75,82,53,75,81,87,78,75,76,74,86,77,57,1,0,1,0,1,0,0,0,1,0,1,0
UTOPIA,Queens County,977243,977300,980076,981211,982201,980210,979522,978348,976888,977256,976604,977570,107,Queens,0,7,8,9,12,11,13,13,11,8,20,20,74,71,93,88,82,110,98,109,100,104,88,75,82,53,75,81,87,78,75,76,74,86,77,57,1,0,1,0,1,0,0,0,1,0,1,0
BLISSVILLE,Queens County,1299909,1297140,1288895,1279511,1280622,1289165,1300918,1299394,1295395,1279205,1259024,1232955,108,Queens,0,0,0,0,0,0,0,0,0,0,0,0,55,81,74,75,100,80,101,104,113,106,106,101,53,38,45,53,68,71,50,54,71,58,50,53,0,1,0,0,0,0,2,1,3,2,1,3
HUNTERS POINT,Queens County,773665,774053,777629,782224,784501,785367,785379,783994,782333,781942,780486,781255,108,Queens,572,101,103,96,109,109,98,106,104,110,200,199,55,81,74,75,100,80,101,104,113,106,106,101,53,38,45,53,68,71,50,54,71,58,50,53,0,1,0,0,0,0,2,1,3,2,1,3
SUNNYSIDE-QUEENS,Queens County,479287,479947,472146,464271,458692,458221,459441,461590,464855,467198,469641,471128,108,Queens,361,188,194,207,206,191,180,178,186,188,357,348,55,81,74,75,100,80,101,104,113,106,106,101,53,38,45,53,68,71,50,54,71,58,50,53,0,1,0,0,0,0,2,1,3,2,1,3
WOODSIDE,Queens County,412506,410538,409203,408530,409359,408727,406555,405691,405646,405420,406422,409072,108,Queens,261,72,71,78,78,79,72,76,66,68,159,157,55,81,74,75,100,80,101,104,113,106,106,101,53,38,45,53,68,71,50,54,71,58,50,53,0,1,0,0,0,0,2,1,3,2,1,3
BAY TERRACE-QUEENS,Queens County,455861,456620,458101,457511,456066,453976,452507,451305,450529,450018,448872,449488,109,Queens,0,0,0,0,0,0,0,0,0,0,0,0,135,152,140,153,184,200,168,206,203,163,203,196,98,72,114,124,91,105,115,151,101,128,94,137,1,1,2,3,1,0,2,1,2,2,1,0
COLLEGE POINT,Queens County,749878,748419,746551,743244,739201,734660,731267,727731,723888,720170,715869,712535,109,Queens,25,11,12,14,15,10,15,9,13,13,21,24,135,152,140,153,184,200,168,206,203,163,203,196,98,72,114,124,91,105,115,151,101,128,94,137,1,1,2,3,1,0,2,1,2,2,1,0
FLUSHING,Queens County,480276,479214,479654,478960,477894,475944,473994,472761,471232,470393,469487,469832,109,Queens,499,184,166,175,188,191,190,188,180,171,361,360,135,152,140,153,184,200,168,206,203,163,203,196,98,72,114,124,91,105,115,151,101,128,94,137,1,1,2,3,1,0,2,1,2,2,1,0
MALBA,Queens County,1341315,1346897,1349518,1352104,1350341,1347721,1343169,1341560,1340674,1340518,1339896,1335011,109,Queens,0,0,0,0,0,0,0,0,0,0,0,0,135,152,140,153,184,200,168,206,203,163,203,196,98,72,114,124,91,105,115,151,101,128,94,137,1,1,2,3,1,0,2,1,2,2,1,0
MURRAY HILL-QUEENS,Queens County,653099,653938,654193,652820,652313,650919,649866,648987,648162,648048,647685,648001,109,Queens,0,0,0,0,0,0,0,0,0,0,0,0,135,152,140,153,184,200,168,206,203,163,203,196,98,72,114,124,91,105,115,151,101,128,94,137,1,1,2,3,1,0,2,1,2,2,1,0
WHITESTONE,Queens County,835413,835982,834565,831939,829813,826836,823502,820213,817247,815288,812683,810422,109,Queens,21,13,10,7,6,10,8,12,10,9,14,14,135,152,140,153,184,200,168,206,203,163,203,196,98,72,114,124,91,105,115,151,101,128,94,137,1,1,2,3,1,0,2,1,2,2,1,0
CORONA,Queens County,373710,374180,374829,374994,374358,373834,372917,372830,371624,371607,371418,373169,110,Queens,82,56,49,45,45,45,49,42,50,51,97,100,134,168,171,151,166,193,185,191,204,204,172,177,68,89,121,94,105,94,90,96,99,102,63,88,6,3,3,2,0,11,4,3,3,3,6,4
ELMHURST,Queens County,410227,411133,410802,410529,410345,410027,408705,407457,406065,405577,404844,404028,110,Queens,284,109,95,94,100,88,94,93,81,81,250,246,134,168,171,151,166,193,185,191,204,204,172,177,68,89,121,94,105,94,90,96,99,102,63,88,6,3,3,2,0,11,4,3,3,3,6,4
AUBURNDALE,Queens County,892014,891305,890643,889890,889154,886836,885099,883237,880720,878961,876916,875932,111,Queens,0,0,0,0,0,0,0,0,0,0,0,0,40,47,30,49,47,52,70,41,74,49,42,37,20,37,27,34,34,28,24,30,24,33,30,30,0,0,0,1,0,0,0,0,0,1,0,0
BAYSIDE,Queens County,903333,902736,901611,899306,897634,894377,891314,888436,884495,881450,877593,875039,111,Queens,51,26,26,24,25,24,24,26,22,19,41,37,40,47,30,49,47,52,70,41,74,49,42,37,20,37,27,34,34,28,24,30,24,33,30,30,0,0,0,1,0,0,0,0,0,1,0,0
DOUGLASTON-LITTLE NECK,Queens County,754611,752926,751765,749398,748829,747413,745417,743166,739954,738269,736227,735141,111,Queens,13,0,0,0,0,0,0,0,0,0,0,0,40,47,30,49,47,52,70,41,74,49,42,37,20,37,27,34,34,28,24,30,24,33,30,30,0,0,0,1,0,0,0,0,0,1,0,0
OAKLAND GARDENS,Queens County,325389,325236,324474,323000,322099,320625,320064,320190,320052,319834,319301,318653,111,Queens,0,0,0,0,0,0,0,0,0,0,0,0,40,47,30,49,47,52,70,41,74,49,42,37,20,37,27,34,34,28,24,30,24,33,30,30,0,0,0,1,0,0,0,0,0,1,0,0
FOREST HILLS,Queens County,401863,401981,403889,404225,406369,406113,403356,400862,398040,398036,397415,398772,112,Queens,133,64,68,64,70,66,69,75,70,75,142,141,41,83,101,79,66,89,83,99,105,121,95,113,32,45,74,39,23,37,60,55,61,53,38,48,0,0,0,1,0,0,1,1,1,0,3,0
FOREST HILLS GARDENS,Queens County,1677704,1667535,1665247,1664416,1662873,1653935,1647333,1642063,1639627,1640548,1641739,1649105,112,Queens,0,0,0,0,0,0,0,0,0,0,0,0,41,83,101,79,66,89,83,99,105,121,95,113,32,45,74,39,23,37,60,55,61,53,38,48,0,0,0,1,0,0,1,1,1,0,3,0
REGO PARK,Queens County,394539,396498,399732,399766,401100,398697,393831,389597,387301,386753,383899,381961,112,Queens,87,31,29,29,37,39,44,38,38,41,88,87,41,83,101,79,66,89,83,99,105,121,95,113,32,45,74,39,23,37,60,55,61,53,38,48,0,0,0,1,0,0,1,1,1,0,3,0
ROCHDALE,Queens County,518274,519215,519991,519559,520046,519771,520450,520983,520494,519400,519361,520821,113,Queens,0,0,0,0,0,0,0,0,0,0,0,0,263,346,307,289,308,366,292,360,397,428,329,364,99,123,152,181,159,191,133,180,169,187,137,174,2,0,3,1,0,2,4,5,4,10,3,8
SOUTH OZONE PARK,Queens County,542774,546197,547832,548950,550984,552430,554109,555699,557002,558469,559799,560177,113,Queens,43,21,25,21,18,16,12,18,21,21,33,30,263,346,307,289,308,366,292,360,397,428,329,364,99,123,152,181,159,191,133,180,169,187,137,174,2,0,3,1,0,2,4,5,4,10,3,8
SPRINGFIELD GARDENS,Queens County,504067,507435,510591,512793,514153,513443,511341,509601,508234,507376,507703,509369,113,Queens,103,0,0,0,0,0,0,0,0,0,0,0,263,346,307,289,308,366,292,360,397,428,329,364,99,123,152,181,159,191,133,180,169,187,137,174,2,0,3,1,0,2,4,5,4,10,3,8
ST. ALBANS,Queens County,502368,503708,505172,506742,507307,506615,506070,506139,506095,505673,505557,505280,113,Queens,85,0,0,0,0,0,0,0,0,0,0,0,263,346,307,289,308,366,292,360,397,428,329,364,99,123,152,181,159,191,133,180,169,187,137,174,2,0,3,1,0,2,4,5,4,10,3,8
ASTORIA,Queens County,647159,648369,650376,650114,649342,647034,647040,647808,648409,648339,647134,647416,114,Queens,1238,744,742,762,765,761,769,785,811,820,1520,1499,99,128,191,118,177,177,191,213,196,204,173,217,82,93,102,114,106,128,123,134,119,162,80,141,2,1,1,3,2,2,4,5,11,16,8,7
ASTORIA HEIGHTS,Queens County,463445,463266,464413,464342,464205,464074,464448,465203,464105,463076,461562,461448,114,Queens,0,0,0,0,0,0,0,0,0,0,0,0,99,128,191,118,177,177,191,213,196,204,173,217,82,93,102,114,106,128,123,134,119,162,80,141,2,1,1,3,2,2,4,5,11,16,8,7
ROOSEVELT ISLAND,New York County,984143,978488,977898,979360,978112,972528,969705,967648,964335,960182,956033,952108,114,Manhattan,83,76,78,80,80,77,77,85,84,74,82,79,99,128,191,118,177,177,191,213,196,204,173,217,82,93,102,114,106,128,123,134,119,162,80,141,2,1,1,3,2,2,4,5,11,16,8,7
CASTLETON CORNERS,Richmond County,607045,604751,601705,598914,596230,594662,593923,593012,592208,590758,588296,587030,115,Queens,4,1,1,2,2,1,2,3,1,1,2,2,167,206,221,204,244,275,207,252,201,230,251,239,100,122,108,112,135,120,98,103,102,134,122,100,0,1,2,1,0,4,0,1,1,6,2,3
EAST ELMHURST,Queens County,650131,651175,650569,650057,649171,648835,649794,650572,650728,650905,652410,654188,115,Queens,234,47,45,42,37,37,43,30,32,28,71,74,167,206,221,204,244,275,207,252,201,230,251,239,100,122,108,112,135,120,98,103,102,134,122,100,0,1,2,1,0,4,0,1,1,6,2,3
JACKSON HEIGHTS,Queens County,441162,446764,447036,446915,445282,449057,452225,453545,453409,451782,451100,450717,115,Queens,188,131,127,129,118,132,124,120,124,126,239,234,167,206,221,204,244,275,207,252,201,230,251,239,100,122,108,112,135,120,98,103,102,134,122,100,0,1,2,1,0,4,0,1,1,6,2,3
CLIFTON,Richmond County,524563,523967,518899,513972,507560,506151,504599,503703,503964,503012,502114,499478,120,Staten Island,17,3,2,2,0,0,0,0,0,2,1,4,123,117,140,146,121,194,155,153,162,165,185,210,113,112,133,113,141,158,149,148,182,194,159,197,0,1,0,1,0,0,0,2,0,2,4,1
EMERSON HILL,Richmond County,685667,683210,679852,676780,673470,672463,671574,670004,668047,665768,663371,662043,120,Staten Island,5,0,0,0,0,0,0,0,0,0,1,1,123,117,140,146,121,194,155,153,162,165,185,210,113,112,133,113,141,158,149,148,182,194,159,197,0,1,0,1,0,0,0,2,0,2,4,1
FORT WADSWORTH,Richmond County,587723,585717,586239,589557,593282,597439,595966,593883,592926,593878,593338,593764,120,Staten Island,1,0,1,0,0,0,1,0,0,0,3,3,123,117,140,146,121,194,155,153,162,165,185,210,113,112,133,113,141,158,149,148,182,194,159,197,0,1,0,1,0,0,0,2,0,2,4,1
GREENWOOD,Kings County,985432,983736,978462,978165,979988,983042,983949,980138,975951,973277,973902,974339,120,Staten Island,0,94,97,91,101,92,97,100,94,103,179,184,123,117,140,146,121,194,155,153,162,165,185,210,113,112,133,113,141,158,149,148,182,194,159,197,0,1,0,1,0,0,0,2,0,2,4,1
GRYMES HILL,Richmond County,606791,605356,602253,599724,596605,595780,594706,592585,590819,590351,590610,591254,120,Staten Island,9,11,12,13,11,9,8,8,7,8,11,9,123,117,140,146,121,194,155,153,162,165,185,210,113,112,133,113,141,158,149,148,182,194,159,197,0,1,0,1,0,0,0,2,0,2,4,1
MEIERS CORNERS,Richmond County,568334,568368,566763,563836,560861,559007,559632,559892,559939,558454,556739,556155,120,Staten Island,0,2,1,1,2,1,3,1,2,2,3,3,123,117,140,146,121,194,155,153,162,165,185,210,113,112,133,113,141,158,149,148,182,194,159,197,0,1,0,1,0,0,0,2,0,2,4,1
NEW BRIGHTON,Richmond County,465175,464963,458537,453637,449679,449184,447754,447808,447406,448293,448402,447859,120,Staten Island,4,1,1,2,2,1,1,5,1,1,2,5,123,117,140,146,121,194,155,153,162,165,185,210,113,112,133,113,141,158,149,148,182,194,159,197,0,1,0,1,0,0,0,2,0,2,4,1
PARK HILL,Richmond County,430509,430963,428324,425439,422860,422819,423674,424271,425370,425538,425241,424213,120,Staten Island,0,0,0,0,0,0,0,0,0,0,0,0,123,117,140,146,121,194,155,153,162,165,185,210,113,112,133,113,141,158,149,148,182,194,159,197,0,1,0,1,0,0,0,2,0,2,4,1
RANDALL MANOR,Richmond County,647537,645006,639209,632641,628556,627139,625941,624534,623926,624040,621464,617615,120,Staten Island,17,1,2,2,3,2,2,3,2,2,3,3,123,117,140,146,121,194,155,153,162,165,185,210,113,112,133,113,141,158,149,148,182,194,159,197,0,1,0,1,0,0,0,2,0,2,4,1
ROSEBANK,Richmond County,541718,540789,537332,534071,531162,531519,530416,528861,527352,526311,525153,523934,120,Staten Island,8,5,2,3,4,4,3,2,1,1,11,9,123,117,140,146,121,194,155,153,162,165,185,210,113,112,133,113,141,158,149,148,182,194,159,197,0,1,0,1,0,0,0,2,0,2,4,1
SHORE ACRES,Richmond County,409837,410642,413224,415960,417816,416993,415516,414769,415410,416513,416563,416111,120,Staten Island,10,0,0,0,0,0,0,0,0,0,0,0,123,117,140,146,121,194,155,153,162,165,185,210,113,112,133,113,141,158,149,148,182,194,159,197,0,1,0,1,0,0,0,2,0,2,4,1
SILVER LAKE,Richmond County,726853,724586,720742,717225,712618,710570,708940,706554,705119,703774,703343,703025,120,Staten Island,2,1,0,1,1,1,0,1,1,1,1,1,123,117,140,146,121,194,155,153,162,165,185,210,113,112,133,113,141,158,149,148,182,194,159,197,0,1,0,1,0,0,0,2,0,2,4,1
ST. GEORGE,Richmond County,453637,455669,456720,455255,451420,449122,446249,446370,447475,449474,450115,450529,120,Staten Island,53,27,30,26,29,30,30,33,31,31,47,43,123,117,140,146,121,194,155,153,162,165,185,210,113,112,133,113,141,158,149,148,182,194,159,197,0,1,0,1,0,0,0,2,0,2,4,1
STAPLETON,Richmond County,413077,415653,414793,413195,410395,411460,412506,413314,413996,414715,415381,415857,120,Staten Island,24,8,14,12,8,10,7,9,9,8,29,24,123,117,140,146,121,194,155,153,162,165,185,210,113,112,133,113,141,158,149,148,182,194,159,197,0,1,0,1,0,0,0,2,0,2,4,1
SUNNYSIDE,Richmond County,643918,642185,640017,637360,633335,631181,630078,628790,627254,626780,626076,626986,120,Staten Island,0,0,0,0,0,0,0,0,0,0,0,0,123,117,140,146,121,194,155,153,162,165,185,210,113,112,133,113,141,158,149,148,182,194,159,197,0,1,0,1,0,0,0,2,0,2,4,1
TOMPKINSVILLE,Richmond County,494313,495704,494468,492413,488862,487313,486325,486711,488172,489812,490923,490679,120,Staten Island,44,5,5,4,7,8,8,9,7,7,25,24,123,117,140,146,121,194,155,153,162,165,185,210,113,112,133,113,141,158,149,148,182,194,159,197,0,1,0,1,0,0,0,2,0,2,4,1
WEST BRIGHTON,Richmond County,550402,549521,544731,540941,538707,538467,539254,539740,541061,541614,541607,539992,120,Staten Island,22,20,18,20,16,18,19,19,20,19,37,38,123,117,140,146,121,194,155,153,162,165,185,210,113,112,133,113,141,158,149,148,182,194,159,197,0,1,0,1,0,0,0,2,0,2,4,1
WILLOWBROOK,Richmond County,589648,589774,586895,583699,580304,578573,578247,577964,577683,576177,573956,572012,120,Staten Island,1,0,0,0,0,0,0,0,0,0,1,1,123,117,140,146,121,194,155,153,162,165,185,210,113,112,133,113,141,158,149,148,182,194,159,197,0,1,0,1,0,0,0,2,0,2,4,1
BULLS HEAD,Richmond County,539482,538965,536727,533802,530693,528563,528324,527539,526712,524252,521703,519715,121,Staten Island,3,0,0,0,0,0,0,0,0,0,5,2,109,132,107,143,151,159,113,138,125,141,150,157,77,78,88,82,72,87,67,83,66,61,44,76,0,0,0,1,0,0,0,1,1,2,1,0
BLOOMFIELD,Richmond County,624196,625873,620310,611238,604997,603231,604807,607853,607233,606002,604239,604265,121,Staten Island,0,0,0,0,0,0,0,0,0,0,0,0,109,132,107,143,151,159,113,138,125,141,150,157,77,78,88,82,72,87,67,83,66,61,44,76,0,0,0,1,0,0,0,1,1,2,1,0
CHELSEA-TRAVIS,Richmond County,524103,522395,520353,517907,515968,514589,514360,513546,511515,508476,505409,503829,121,Staten Island,0,0,0,0,0,0,0,0,0,0,0,0,109,132,107,143,151,159,113,138,125,141,150,157,77,78,88,82,72,87,67,83,66,61,44,76,0,0,0,1,0,0,0,1,1,2,1,0
ELM PARK,Richmond County,400192,400591,399775,398647,397723,397389,395483,393649,390937,389377,388070,387104,121,Staten Island,0,6,7,5,4,5,5,5,4,3,12,10,109,132,107,143,151,159,113,138,125,141,150,157,77,78,88,82,72,87,67,83,66,61,44,76,0,0,0,1,0,0,0,1,1,2,1,0
GRANITEVILLE,Richmond County,411399,412012,411404,410117,408659,408723,408505,407717,406610,404319,402386,400754,121,Staten Island,2,1,2,2,2,2,2,2,2,2,4,4,109,132,107,143,151,159,113,138,125,141,150,157,77,78,88,82,72,87,67,83,66,61,44,76,0,0,0,1,0,0,0,1,1,2,1,0
HEARTLAND VILLAGE,Richmond County,425818,426023,424677,423458,422603,422444,422071,421006,420167,418437,416771,415243,121,Staten Island,0,0,0,0,0,0,0,0,0,0,0,0,109,132,107,143,151,159,113,138,125,141,150,157,77,78,88,82,72,87,67,83,66,61,44,76,0,0,0,1,0,0,0,1,1,2,1,0
MARINER'S HARBOR,Richmond County,396592,396377,394139,392586,390768,390957,389928,388765,386501,384972,384371,384118,121,Staten Island,11,5,4,4,5,3,4,3,6,6,9,9,109,132,107,143,151,159,113,138,125,141,150,157,77,78,88,82,72,87,67,83,66,61,44,76,0,0,0,1,0,0,0,1,1,2,1,0
NEW SPRINGVILLE,Richmond County,608645,607017,603734,600605,597285,595883,595612,594693,593352,590847,588371,586550,121,Staten Island,4,2,1,1,1,3,2,5,2,2,6,6,109,132,107,143,151,159,113,138,125,141,150,157,77,78,88,82,72,87,67,83,66,61,44,76,0,0,0,1,0,0,0,1,1,2,1,0
PORT IVORY,Richmond County,330970,330793,330727,330236,329252,329927,331076,332370,332607,332986,332312,331204,121,Staten Island,2,0,0,0,0,0,0,0,0,0,0,0,109,132,107,143,151,159,113,138,125,141,150,157,77,78,88,82,72,87,67,83,66,61,44,76,0,0,0,1,0,0,0,1,1,2,1,0
PORT RICHMOND,Richmond County,441334,442372,440023,435808,431563,429420,428517,427496,425701,423715,421660,420217,121,Staten Island,9,5,5,6,7,6,6,7,6,4,11,12,109,132,107,143,151,159,113,138,125,141,150,157,77,78,88,82,72,87,67,83,66,61,44,76,0,0,0,1,0,0,0,1,1,2,1,0
WESTERLEIGH,Richmond County,570703,570019,567782,564469,560740,558959,558974,559126,559580,558562,556377,555195,121,Staten Island,4,1,1,2,1,1,1,2,1,1,3,3,109,132,107,143,151,159,113,138,125,141,150,157,77,78,88,82,72,87,67,83,66,61,44,76,0,0,0,1,0,0,0,1,1,2,1,0
ARROCHAR,Richmond County,592941,592692,590496,588791,586847,586523,584177,581469,578848,576916,573951,571419,122,Staten Island,21,0,0,0,1,0,1,1,1,1,1,1,54,73,83,101,98,125,115,125,111,133,107,112,38,50,56,39,52,55,53,53,43,54,48,40,1,0,0,0,0,0,0,0,1,2,0,1
BAY TERRACE-STATEN ISLAND,Richmond County,549399,548042,544720,543238,543054,544771,545843,547457,548098,546477,544040,542369,122,Staten Island,1,0,0,0,0,0,0,0,0,0,0,0,54,73,83,101,98,125,115,125,111,133,107,112,38,50,56,39,52,55,53,53,43,54,48,40,1,0,0,0,0,0,0,0,1,2,0,1
BUTLER MANOR,Richmond County,832266,833961,832819,832688,829357,827985,826016,826281,826450,826470,825400,823707,122,Staten Island,0,0,0,0,0,0,0,0,0,0,0,0,54,73,83,101,98,125,115,125,111,133,107,112,38,50,56,39,52,55,53,53,43,54,48,40,1,0,0,0,0,0,0,0,1,2,0,1
CHARLESTON,Richmond County,747309,749413,746459,740161,733589,729089,725955,724667,725128,724538,723305,721757,122,Staten Island,0,0,0,0,0,0,0,1,0,0,0,0,54,73,83,101,98,125,115,125,111,133,107,112,38,50,56,39,52,55,53,53,43,54,48,40,1,0,0,0,0,0,0,0,1,2,0,1
DONGAN HILLS,Richmond County,557971,556592,554661,553563,552702,553133,552664,552610,552326,551706,549895,549208,122,Staten Island,7,4,4,4,5,2,3,5,5,5,7,7,54,73,83,101,98,125,115,125,111,133,107,112,38,50,56,39,52,55,53,53,43,54,48,40,1,0,0,0,0,0,0,0,1,2,0,1
GRANT CITY,Richmond County,581276,580369,578016,576379,574225,574073,573652,573254,572367,570979,569541,569294,122,Staten Island,9,3,2,3,4,3,3,3,1,1,3,3,54,73,83,101,98,125,115,125,111,133,107,112,38,50,56,39,52,55,53,53,43,54,48,40,1,0,0,0,0,0,0,0,1,2,0,1
GRASMERE - CONCORD,Richmond County,620340,619766,617161,614376,611203,610854,609771,608746,606924,604509,601578,600242,122,Staten Island,0,7,9,8,13,9,8,10,8,8,20,18,54,73,83,101,98,125,115,125,111,133,107,112,38,50,56,39,52,55,53,53,43,54,48,40,1,0,0,0,0,0,0,0,1,2,0,1
GREAT KILLS,Richmond County,561354,560731,558314,556964,556130,557097,557949,559219,559811,558746,556926,555825,122,Staten Island,8,8,6,4,8,9,6,7,7,7,11,11,54,73,83,101,98,125,115,125,111,133,107,112,38,50,56,39,52,55,53,53,43,54,48,40,1,0,0,0,0,0,0,0,1,2,0,1
GREENRIDGE,Richmond County,489593,490119,488382,486577,485453,486331,487523,488329,488348,487797,487171,486532,122,Staten Island,0,0,0,0,0,0,0,0,0,0,0,0,54,73,83,101,98,125,115,125,111,133,107,112,38,50,56,39,52,55,53,53,43,54,48,40,1,0,0,0,0,0,0,0,1,2,0,1
LIGHTHOUSE HILL,Richmond County,1043918,1046179,1042179,1038093,1034535,1036253,1036592,1035388,1033309,1028694,1023625,1018027,122,Staten Island,2,2,1,0,1,1,1,1,1,1,2,2,54,73,83,101,98,125,115,125,111,133,107,112,38,50,56,39,52,55,53,53,43,54,48,40,1,0,0,0,0,0,0,0,1,2,0,1
MIDLAND BEACH,Richmond County,546183,545176,542617,540274,538326,538143,537598,537437,536715,535625,534033,533612,122,Staten Island,9,2,2,4,3,3,3,4,3,3,7,6,54,73,83,101,98,125,115,125,111,133,107,112,38,50,56,39,52,55,53,53,43,54,48,40,1,0,0,0,0,0,0,0,1,2,0,1
NEW DORP,Richmond County,651612,650418,647679,646412,644208,643376,642809,643744,643526,642870,642442,642608,122,Staten Island,1,0,1,0,0,1,1,1,1,1,3,2,54,73,83,101,98,125,115,125,111,133,107,112,38,50,56,39,52,55,53,53,43,54,48,40,1,0,0,0,0,0,0,0,1,2,0,1
NEW DORP BEACH,Richmond County,535499,535862,534661,533907,531353,530389,529480,529139,528271,525779,523074,521856,122,Staten Island,5,4,2,3,3,2,1,1,2,2,5,5,54,73,83,101,98,125,115,125,111,133,107,112,38,50,56,39,52,55,53,53,43,54,48,40,1,0,0,0,0,0,0,0,1,2,0,1
OAKWOOD,Richmond County,581254,583165,581767,580795,578528,579115,579375,579912,579661,577526,575656,574492,122,Staten Island,3,1,1,2,2,2,1,2,1,1,2,2,54,73,83,101,98,125,115,125,111,133,107,112,38,50,56,39,52,55,53,53,43,54,48,40,1,0,0,0,0,0,0,0,1,2,0,1
OLD TOWN,Richmond County,607732,606705,604439,603463,602628,603178,601942,601272,600158,599233,596503,595081,122,Staten Island,0,0,0,0,0,0,0,0,0,0,0,0,54,73,83,101,98,125,115,125,111,133,107,112,38,50,56,39,52,55,53,53,43,54,48,40,1,0,0,0,0,0,0,0,1,2,0,1
RICHMOND TOWN,Richmond County,595793,596006,593767,592654,590616,590058,589914,590423,591010,589377,587707,586425,122,Staten Island,2,1,0,1,0,0,0,0,0,0,0,0,54,73,83,101,98,125,115,125,111,133,107,112,38,50,56,39,52,55,53,53,43,54,48,40,1,0,0,0,0,0,0,0,1,2,0,1
SOUTH BEACH,Richmond County,555838,553615,549709,545860,543115,542290,540964,539181,537563,536000,533798,532325,122,Staten Island,7,8,7,10,10,9,6,5,8,8,15,15,54,73,83,101,98,125,115,125,111,133,107,112,38,50,56,39,52,55,53,53,43,54,48,40,1,0,0,0,0,0,0,0,1,2,0,1
TODT HILL,Richmond County,1211369,1211516,1207751,1204779,1203289,1205515,1205113,1204828,1204524,1202195,1199678,1195503,122,Staten Island,4,1,1,1,1,1,1,1,1,1,1,0,54,73,83,101,98,125,115,125,111,133,107,112,38,50,56,39,52,55,53,53,43,54,48,40,1,0,0,0,0,0,0,0,1,2,0,1
TOTTENVILLE,Richmond County,618580,618758,617400,615087,613516,612496,612355,612000,612967,611888,611228,609537,122,Staten Island,8,4,3,3,3,2,2,2,3,3,4,4,54,73,83,101,98,125,115,125,111,133,107,112,38,50,56,39,52,55,53,53,43,54,48,40,1,0,0,0,0,0,0,0,1,2,0,1
ANNADALE,Richmond County,754903,753631,750432,748533,746396,745549,744157,743632,743161,742013,739978,738229,123,Staten Island,0,2,2,3,3,3,3,3,3,3,4,2,42,39,48,64,44,53,89,53,53,78,54,66,16,30,7,26,20,24,27,31,20,21,33,33,0,0,0,0,0,0,0,0,0,0,1,0
ARDEN HEIGHTS,Richmond County,489897,489818,488170,486200,484670,484699,485111,485202,484889,483770,482719,481942,123,Staten Island,5,0,0,0,1,0,0,0,0,0,0,0,42,39,48,64,44,53,89,53,53,78,54,66,16,30,7,26,20,24,27,31,20,21,33,33,0,0,0,0,0,0,0,0,0,0,1,0
ELTINGVILLE,Richmond County,576654,576083,573757,572348,572010,573100,573875,574681,574668,573153,571609,570408,123,Staten Island,3,1,1,1,2,0,1,2,1,1,3,3,42,39,48,64,44,53,89,53,53,78,54,66,16,30,7,26,20,24,27,31,20,21,33,33,0,0,0,0,0,0,0,0,0,0,1,0
HUGUENOT,Richmond County,708001,706273,702370,700429,699227,698797,697665,696860,696109,693761,690716,687489,123,Staten Island,2,1,1,1,1,1,1,1,1,1,2,3,42,39,48,64,44,53,89,53,53,78,54,66,16,30,7,26,20,24,27,31,20,21,33,33,0,0,0,0,0,0,0,0,0,0,1,0
PLEASANT PLAINS,Richmond County,641833,641089,637984,635025,632105,630612,629713,629089,628701,627490,626747,625664,123,Staten Island,0,0,0,0,0,0,0,0,2,1,0,3,42,39,48,64,44,53,89,53,53,78,54,66,16,30,7,26,20,24,27,31,20,21,33,33,0,0,0,0,0,0,0,0,0,0,1,0
PRINCE'S BAY,Richmond County,712170,713046,711663,710251,708314,707085,706015,705775,706254,705045,703881,701644,123,Staten Island,3,1,1,1,1,2,2,1,1,1,1,1,42,39,48,64,44,53,89,53,53,78,54,66,16,30,7,26,20,24,27,31,20,21,33,33,0,0,0,0,0,0,0,0,0,0,1,0
RICHMOND VALLEY,Richmond County,721693,722688,721861,718563,714531,711354,709444,708533,707643,706922,706199,704808,123,Staten Island,0,0,0,0,0,0,0,0,0,0,0,0,42,39,48,64,44,53,89,53,53,78,54,66,16,30,7,26,20,24,27,31,20,21,33,33,0,0,0,0,0,0,0,0,0,0,1,0
ROSSVILLE,Richmond County,466637,467346,465542,464210,463163,463906,464450,464452,463667,461866,460458,459063,123,Staten Island,2,1,1,0,0,0,0,0,0,0,1,1,42,39,48,64,44,53,89,53,53,78,54,66,16,30,7,26,20,24,27,31,20,21,33,33,0,0,0,0,0,0,0,0,0,0,1,0
WOODROW,Richmond County,624035,623689,620532,618536,617147,617601,617661,617990,618171,616945,615335,614256,123,Staten Island,1,0,0,0,0,0,0,0,0,0,0,0,42,39,48,64,44,53,89,53,53,78,54,66,16,30,7,26,20,24,27,31,20,21,33,33,0,0,0,0,0,0,0,0,0,0,1,0
